{
  "$schema": "http://adaptivecards.io/schemas/adaptive-card.json",
  "type": "AdaptiveCard",
  "version": "1.0",
  "body": [
    {
      "type": "TextBlock",
      "size": "default",
      "isSubtle": "true",
      "text": "Do you want to cancel the booking?",
      "wrap": true,
      "maxLines": 0
    }
  ],
  "actions": [
    {
      "type": "Action.Submit",
      "id": "yes",
      "title": "Yes",      
      "data": "Yes"
    },
    {
      "type": "Action.Submit",
      "id": "no",
      "title": "No",      
      "data": "No"
    }    
  ]
}
