{
  "$schema": "http://adaptivecards.io/schemas/adaptive-card.json",
  "type": "AdaptiveCard",
  "version": "1.0",
  "body": [
    {
      "type": "Image",
      //"url": "https://encrypted-tbn0.gstatic.com/images?q=tbn:ANd9GcQtB3AwMUeNoq4gUBGe6Ocj8kyh3bXa9ZbV7u1fVKQoyKFHdkqU",
      "url": "https://assets.wired.com/photos/w_1720/wp-content/uploads/2016/04/chat_bot-01.jpg",
      //"url": "https://pngimage.net/wp-content/uploads/2018/05/bots-png-9.png",
      //"url": "https://cacm.acm.org/system/assets/0002/4711/081916_Wired_The-Edge-of.large.jpg?1476779516&1471636431",
      "size": "small"
    },
    {
      "type": "TextBlock",
      "spacing": "medium",
      "size": "default",
      "weight": "bolder",
      "text": "Hey, I am your Help Bot.",
      "wrap": true,
      "maxLines": 0
    },
    {
      "type": "TextBlock",
      "size": "default",
      "isSubtle": "true",
      "text": "I can help you with FAQ.\nI can help you with booking flights.",
      "wrap": true,
      "maxLines": 0
    }
  ],
  "actions": [
    {
      "type": "Action.Submit",
      "id": "book_flight",
      "title": "Book Flight",      
      "align": "left",
      "data": "Book Flight"
    },
    {
      "type": "Action.Submit",
      "id": "need_help",
      "title": "Need Help",      
      "data": "Need Help"
    },
    {
      "type": "Action.Submit",
      "id": "cancel",
      "title": "Cancel",      
      "data": "Cancel"
    }
  ]
}
