{
  "$schema": "http://adaptivecards.io/schemas/adaptive-card.json",
  "type": "AdaptiveCard",
  "version": "1.0",
  "body": [    
    {
      "type": "TextBlock",
      "size": "default",
      "isSubtle": "true",
      "text": "Welcome to platform assistance. Please select one of the areas where you need assistance.",
      "wrap": true,
      "maxLines": 0
    }
  ],
  "actions": [
    {
      "type": "Action.Submit",
      "id": "platform_assitant_azure",
      "title": "Azure",
      "data": {
        "choice": 4
      }
    },
    {
      "type": "Action.Submit",
      "id": "platform_assitant_skype",
      "title": "Skype",
      "data": {
        "choice": 5
      }
    },
    {
      "type": "Action.Submit",
      "id": "platform_assitant_office365",
      "title": "Office 365",
      "data": {
        "choice": 6
      }
    },
    {
      "type": "Action.Submit",
      "id": "platform_assitant_sharepoint",
      "title": "Sharepoint",
      "data": {
        "choice": 7
      }
    }
  ]
}
