{
  "$schema": "http://adaptivecards.io/schemas/adaptive-card.json",
  "type": "AdaptiveCard",
  "version": "1.0",
  "body": [
    {
      "type": "TextBlock",
      "size": "default",
      "isSubtle": "true",
      "text": "Welcome to ServiceNow Ticket Creation. Please select the type of ticket you want to create.",
      "wrap": true,
      "maxLines": 0
    }
  ],
  "actions": [
    {
      "type": "Action.Submit",
      "id": "site_provisioning",
      "title": "Site Provisioning",
      "data": "Site Provisioning"
    },
    {
      "type": "Action.Submit",
      "id": "distribution_list",
      "title": "Distribution List",
      "data": "Distribution List"
    },
    {
      "type": "Action.Submit",
      "id": "incident_creation",
      "title": "Incident Creation",
      "data": "Incident Creation"
    },
    {
      "type": "Action.Submit",
      "id": "license_request",
      "title": "License Request",
      "data": "License Request"
    },
    {
      "type": "Action.Submit",
      "id": "mailbox_access",
      "title": "Mailbox Access",
      "data": "Mailbox Access"
    },
    {
      "type": "Action.Submit",
      "id": "shared_mailbox",
      "title": "Shared Mailbox",
      "data": "Shared Mailbox"
    },
    {
      "type": "Action.Submit",
      "id": "team_creation",
      "title": "Team Creation",
      "data": "Team Creation"
    }
  ]
}
