{
  "$schema": "http://adaptivecards.io/schemas/adaptive-card.json",
  "type": "AdaptiveCard",
  "version": "1.0",
  "body": [
    {
      "type": "TextBlock",
      "size": "default",
      "isSubtle": "true",
      "text": "Please select the type of SharePoint ticket you want to create.",
      "wrap": true,
      "maxLines": 0
    }
  ],
  "actions": [
    {
      "type": "Action.Submit",
      "id": "site_provisioning",
      "title": "Site Provisioning",
      "data": "Site Provisioning"
    },
    {
      "type": "Action.Submit",
      "id": "team_creation",
      "title": "Team Creation",
      "data": "Team Creation"
    }
  ]
}
