{
    "$schema": "http://adaptivecards.io/schemas/adaptive-card.json",
    "type": "AdaptiveCard",
    "version": "1.0",
    "body": [
      {
        "type": "Image",
        //"url": "https://encrypted-tbn0.gstatic.com/images?q=tbn:ANd9GcQtB3AwMUeNoq4gUBGe6Ocj8kyh3bXa9ZbV7u1fVKQoyKFHdkqU",
        //"url": "https://assets.wired.com/photos/w_1720/wp-content/uploads/2016/04/chat_bot-01.jpg",
        //"url": "https://pngimage.net/wp-content/uploads/2018/05/bots-png-9.png",
        "url": "https://cacm.acm.org/system/assets/0002/4711/081916_Wired_The-Edge-of.large.jpg?1476779516&1471636431",
        "size": "medium"
      },
      {
        "type": "TextBlock",
        "spacing": "medium",
        "size": "default",
        "weight": "bolder",
        "text": "Say 'Hi' to me to start your conversation",
        "wrap": true,
        "maxLines": 0
      },
      {
        "type": "TextBlock",
        "size": "default",
        "isSubtle": "true",
        "text": "For more help you can check the links below. ",
        "wrap": true,
        "maxLines": 0
      }
    ],
    "actions": [
      {
        "type": "Action.OpenUrl",
        "title": "Get an overview",
        "url": "https://docs.microsoft.com/en-us/azure/bot-service/?view=azure-bot-service-4.0"
      },
      {
        "type": "Action.OpenUrl",
        "title": "Ask a question",
        "url": "https://stackoverflow.com/questions/tagged/botframework"
      },
      {
        "type": "Action.OpenUrl",
        "title": "Learn how to deploy",
        "url": "https://docs.microsoft.com/en-us/azure/bot-service/bot-builder-howto-deploy-azure?view=azure-bot-service-4.0"
      }
    ]
}
